followee;follower
Cooperativa;Lucas46613336
Cooperativa;Walter06506495
Cooperativa;FabianO89073630
Cooperativa;Verdatagiando
Cooperativa;pantruquera
Cooperativa;Alejand27703733
Cooperativa;Felipe39299429
Cooperativa;Merca36320706
Cooperativa;Melioda24738632
Cooperativa;AmandaRebolled6
soyvaldiviacl;hispano726
soyvaldiviacl;nadeska_benner
soyvaldiviacl;Andinostt
soyvaldiviacl;alejandroufro
soyvaldiviacl;Ruthrut43486682
soyvaldiviacl;gracia65
soyvaldiviacl;Jorgees29323039
soyvaldiviacl;Sigrid37198905
soyvaldiviacl;UrquejoMaria
soyvaldiviacl;karimbertin
soyvaldiviacl;Eduardo36146890
soyvaldiviacl;Susamusa1
soyvaldiviacl;85darkman
soyvaldiviacl;karlarqui
soyvaldiviacl;Yonatha69507659
soyvaldiviacl;nicolcornejop
soyvaldiviacl;MendelStore
soyvaldiviacl;ROBERTO33633987
soyvaldiviacl;reneosv
soyvaldiviacl;MaraVil11903454
soyvaldiviacl;Seal_Cazam
soyvaldiviacl;patyverab
soyvaldiviacl;panguipulli
soyvaldiviacl;CE6FAO
soyvaldiviacl;abarbosa033
soyvaldiviacl;Catalin03206192
soyvaldiviacl;ggonzalem
soyvaldiviacl;jorgefonsecah
soyvaldiviacl;Alejand53318327
soyvaldiviacl;patty26352885
soyvaldiviacl;yasni_carrasco
soyvaldiviacl;pachidiaze
soyvaldiviacl;Margari05722396
soyvaldiviacl;Alejandro198215
soyvaldiviacl;Eileen44001570
soyvaldiviacl;caroquijadae
soyvaldiviacl;Jmg2171
soyvaldiviacl;fiesta_dellibro
soyvaldiviacl;Linda46322071
soyvaldiviacl;ExtranaCiudad
soyvaldiviacl;Su27809528
soyvaldiviacl;Alejand07718307
soyvaldiviacl;Ricardo_con_Fe
soyvaldiviacl;Lorena52239370
soyvaldiviacl;Diegho_Medina
soyvaldiviacl;grosso_jime
soyvaldiviacl;AleMp97209953
soyvaldiviacl;fae_sur
soyvaldiviacl;elpanchochavez
soyvaldiviacl;carlosernestome
soyvaldiviacl;Niny3085
soyvaldiviacl;Olguita_ahogada
soyvaldiviacl;Yo92584276
soyvaldiviacl;lcandiaaguilar1
soyvaldiviacl;hellesiri2
soyvaldiviacl;ElasCaballero13
soyvaldiviacl;FanyFernandezR
soyvaldiviacl;claudiomaldon17
soyvaldiviacl;ValenzuelaNieto
soyvaldiviacl;Hilda98768091
soyvaldiviacl;AlmanaqueUC
soyvaldiviacl;EcoRestitos
soyvaldiviacl;conniverav
soyvaldiviacl;Kaguyasamadesu
soyvaldiviacl;wmaradiagar
soyvaldiviacl;JohanaRomeroPe1
soyvaldiviacl;EdgarPuchi
soyvaldiviacl;Irene72521484
soyvaldiviacl;IrmaTischhauser
soyvaldiviacl;Alexis_del_sur
soyvaldiviacl;elianajararoa1
soyvaldiviacl;CarmenV85236666
soyvaldiviacl;Karonavarrete
soyvaldiviacl;Pame51806241
soyvaldiviacl;AnaMara01417836
soyvaldiviacl;msprochelle
soyvaldiviacl;AryaStark666
soyvaldiviacl;Alexrey14533642
soyvaldiviacl;olgaram89321380
soyvaldiviacl;Rodjara3
soyvaldiviacl;PatriciaCocq
soyvaldiviacl;AsenjoYajaira
soyvaldiviacl;carlaromanp
soyvaldiviacl;mhidalgod
soyvaldiviacl;bq_jane
soyvaldiviacl;EduardoUrquejo
soyvaldiviacl;Natts_8
soyvaldiviacl;ColkineLos
soyvaldiviacl;rcortesossandon
soyvaldiviacl;Lil80857718
soyvaldiviacl;PameemmaC
soyvaldiviacl;Rolando60244324
soyvaldiviacl;CarmonaXandor
soyvaldiviacl;Marcia_emg
soyvaldiviacl;Lylipenelope
soyvaldiviacl;JeanPierreGodd1
soyvaldiviacl;espectatore
soyvaldiviacl;Jaimealvarezco2
soyvaldiviacl;CamiFreedom
soyvaldiviacl;ncanihuantea
soyvaldiviacl;historia_carol
soyvaldiviacl;RonnyChavezH
soyvaldiviacl;luxose
soyvaldiviacl;alvarez10841
soyvaldiviacl;IbethZambrano6
soyvaldiviacl;Undefea10450220
soyvaldiviacl;AdanMan6
soyvaldiviacl;MartinO55427620
soyvaldiviacl;CaroFranckel
soyvaldiviacl;DanielOjedaS
soyvaldiviacl;miazbaagu
soyvaldiviacl;felipemzista
soyvaldiviacl;nancho00
soyvaldiviacl;Luisalf62212268
soyvaldiviacl;Pie_Huana
soyvaldiviacl;franmk11
soyvaldiviacl;xilo63
soyvaldiviacl;a_fernandezv12
soyvaldiviacl;FelipeNMC94
soyvaldiviacl;olivaresabara
soyvaldiviacl;patricioarieldu
soyvaldiviacl;butacalosrios
soyvaldiviacl;carlosu86315571
soyvaldiviacl;Daniela93687831
soyvaldiviacl;Francis98618385
soyvaldiviacl;bianca_monsalve
soyvaldiviacl;IgnacioVivero17
soyvaldiviacl;MIGUELA89797689
soyvaldiviacl;Dany8377221932
soyvaldiviacl;arteurb86021060
soyvaldiviacl;supereduc_cl
soyvaldiviacl;CorazonAlma2
soyvaldiviacl;MalenyVasquez
soyvaldiviacl;constanzalobo_s
soyvaldiviacl;ksepulvedac
soyvaldiviacl;antillanca_jose
soyvaldiviacl;Patrici31628516
soyvaldiviacl;FontecillaMarce
soyvaldiviacl;Cesar15640296
soyvaldiviacl;ItaloManuel58
soyvaldiviacl;finanzaspymes
soyvaldiviacl;GuardaYimmy
soyvaldiviacl;YasnaGo99719514
soyvaldiviacl;wernervolgger
soyvaldiviacl;NaUach
soyvaldiviacl;EstindelStein
soyvaldiviacl;Cris_cehc_94
soyvaldiviacl;ArnoldoH73
soyvaldiviacl;sofii_cg31
soyvaldiviacl;patricio1408
soyvaldiviacl;Maggy27575623
soyvaldiviacl;pamelagarcia_s
soyvaldiviacl;GerdingMiguel
soyvaldiviacl;MLiraVarela
latercera;Darling96868660
latercera;Glenalejandro11
latercera;Nelson68318163
latercera;moscotv22
latercera;CamilaColvin
latercera;KarinaV82191457
latercera;CarlosC17325562
latercera;JosAnto72666988
latercera;mfrtz_
latercera;Susy83818637
latercera;HectorOsses9
latercera;AmbuilaZuleni
latercera;Cristia89665327
latercera;EvelynS32757597
latercera;EvaSali42334223
latercera;camila56746775
latercera;Ruthu20571861
latercera;AlvaroC26584394
latercera;SolBele45765547
latercera;Patrici30118859
latercera;DaniloD94166053
latercera;Magaly99685109
latercera;Natalia07580641
latercera;KarlaAg28940912
latercera;Vivi15190550
latercera;vicalse
latercera;pherrerarojas
latercera;Claudia24668522
latercera;Juanign34082741
latercera;Jvson_Saa
latercera;DavidFloresYep1
latercera;juancar84993499
latercera;sebamerinog
latercera;mar_y_cueca
latercera;BadaroRibeiro
latercera;Carlos62683604
latercera;Rodrigo36352553
latercera;domingafanton11
latercera;Davick_song
latercera;Catheri32432434
latercera;SaraiFuentesCa1
latercera;SotoEscubort
latercera;Suyim18
latercera;eduardoatenas2
latercera;Mat1as_Flores
latercera;IgnacioSezMedi1
latercera;pabloAl05409730
latercera;Jacklin36421382
latercera;Pilar21811316
latercera;vivipizarrob
latercera;JAGM90468705
latercera;orangsandosi2
latercera;Ninooka1
latercera;Glaucia46948914
latercera;Ladyblue_33
latercera;Katheri98464482
latercera;JoseCar17873416
latercera;PameMSD
latercera;paovi11
latercera;Felipea54716219
latercera;no_sigomodas
latercera;GustavoPeaylil1
latercera;Jose73863778
latercera;Sophiaantonel16
latercera;INGCOMERCIAL13
latercera;Melanie23554148
latercera;lvaroJavierGon2
latercera;Alberto95908379
latercera;claudispilot
latercera;MadiruizDiaz
latercera;Jegor75935262
latercera;ginelior
latercera;gonzalithium
latercera;Robinso20464286
latercera;LeslieU99018671
latercera;Paula04176140
latercera;MellaUrrutia
latercera;LiebermanRaguel
latercera;mvi_nico
latercera;Yosef_Bakali_
latercera;cintiapazrs
latercera;IMmangel5
latercera;joseign16704749
latercera;NbBadilla
latercera;francis78219183
latercera;MaryoryRoxana
latercera;GraceGr28698661
latercera;HernanG79769800
latercera;CatalinaLaraco3
latercera;NikolGu39883958
latercera;Victor202116
latercera;Jorge60119837
latercera;Joaquin84072802
latercera;nyuuxs
latercera;DaisyRamirezD1
latercera;19R0m1n4
latercera;VargasVildosola
latercera;lieceloth
latercera;MariaGo44188560
latercera;AnaElenaBarria1
latercera;carolinaurrejo6
latercera;ApuestasTodos
latercera;franmunozv
latercera;BMeanwhilesmile
latercera;Juan02428919
latercera;Carolin76319883
latercera;Antonia65560658
latercera;Itsian11991425
latercera;22eske
latercera;SARA84231590
latercera;BenjaFuenzalid1
latercera;RodBrave
latercera;Roberto46635965
latercera;marcelzamora67
latercera;JoseNov47975866
latercera;BELZHEART04
latercera;scifiwasabie
latercera;Roberto16094912
latercera;Fernand52593184
latercera;Lillowan
latercera;EstellalunaJ
latercera;rpizarroduran
latercera;PaulaRosso7
latercera;lamas_techy
latercera;FrancescaVana
latercera;nicolas66304635
latercera;Ignacio84560122
latercera;Gilbertolavall1
latercera;Marian35562363
latercera;elameba1
latercera;danielaverarey1
latercera;serbarrea
latercera;JRG_RMZ_VDL
latercera;Fabiola95631953
latercera;ChileanFress
latercera;NicoIgn57935728
latercera;JoseOch68114393
latercera;Milena55916208
latercera;Elrueedas
latercera;jcperezesko
latercera;Paola66077624
latercera;Nacho79255420
latercera;Anita48877237
latercera;JanetPino14
latercera;Francis53916571
latercera;CherieA81311446
latercera;cristia84856369
latercera;Karen20094611
latercera;Robinso18346177
latercera;blondiecl2
latercera;Mario02269244
latercera;sapgarcia
latercera;Fernand08330234
latercera;MariaJo30612917
latercera;Sofia03854553
latercera;CarocaDarinka
latercera;DonosoVelasquez
latercera;jenny23536222
latercera;Vaijean
latercera;PipeMadrid4
latercera;CaroGalarce1
latercera;franc_porras
latercera;karin01727646
latercera;Alex62893914
latercera;Angelic58880991
latercera;ElbaCancino1
latercera;Priscil10037698
latercera;rlindab2801
latercera;PATRICIAGALLA12
latercera;MaculPpp
latercera;Cuenta27473506
latercera;Catheri24125429
latercera;karenishkavill1
latercera;Jespinca
latercera;Manchis09640089
latercera;patrici43065378
latercera;cotegp
latercera;carminicat
latercera;GloriaElenaDel8
latercera;Patolin07979049
latercera;Valenti95060646
latercera;BaranaoRene
latercera;camila74245836
latercera;Adriana_del74
latercera;LuisBasualto12
latercera;PsTassara
latercera;MariselGarrido3
latercera;Gerardo07725920
latercera;FelipeYevenes11
latercera;RParticipacion
latercera;DesireeClemen13
latercera;pilar_iturra
latercera;Javiera98271262
latercera;flinarezb
latercera;alvarogd96
latercera;Caroleinz
latercera;_macarena182
latercera;NicolsAntonioM9
latercera;NelaLopez12
latercera;Iassj_
latercera;MancillaBorquez
latercera;jeannet99724472
latercera;CorvalanClavero
latercera;RocioLorca19
latercera;AndreaD39924891
latercera;cristop20168462
latercera;KevinApablaza21
latercera;cgtservidor
latercera;Rodolfo17527976
latercera;Mara64579840
latercera;CamilaJ02152999
latercera;the_susiitha
latercera;VictorS61519496
latercera;Jaime56930640
latercera;Kite90666948
latercera;Phillip75182339
latercera;LPanqueke
latercera;Francis77017216
latercera;PAOLA43159885
latercera;JazminDayanaQu1
latercera;Grimloc53053188
latercera;Benjami95151735
latercera;mauroxpp
latercera;elenaor05947442
latercera;Marcela96287233
latercera;sofia70662188
latercera;Fernand81453172
latercera;MaraPaz12679437
latercera;andressepl
latercera;Priscil28574473
latercera;Wiwi694
latercera;Natalia49080953
latercera;JavierP09914502
latercera;JoseVel67000562
latercera;Milemarr19
latercera;SpringCami
latercera;Nicolle04901006
latercera;NICOLACITO1959
latercera;janetherreramo1
latercera;Juan09523797
latercera;AlejandraBack
latercera;A68123776
latercera;nicoandrewb
latercera;Alfonso03456237
latercera;AndreaF66298895
latercera;CrisLager
latercera;ivette26992289
elmostrador;JoseTrato
elmostrador;nostacop
elmostrador;Trewhela15
elmostrador;RealJMRS
elmostrador;lakari90767650
elmostrador;diezdeespadas
elmostrador;josueleo344
elmostrador;Rickyrvvaldez1
elmostrador;Marcela71400798
elmostrador;SusanPh17069715
elmostrador;Fernand13012374
elmostrador;Rich_Guaracha
elmostrador;ArletteRoman10
elmostrador;juansol40196971
elmostrador;Victor82874886
elmostrador;BelenMejias8
elmostrador;javierzunigasaa
elmostrador;Valeria10320521
elmostrador;Ivonne60088198
elmostrador;yanez_lazo
elmostrador;cmerinogarcia
elmostrador;BarredaNikol
elmostrador;maritzapalacios
elmostrador;claudia57497589
elmostrador;FranFarBau
elmostrador;JuanFriz4
elmostrador;mariapazVEGADI1
elmostrador;AaaaMillaa
elmostrador;RamiroP57518569
elmostrador;Fernand62396626
elmostrador;rschwarzenbergs
elmostrador;Viviana37319236
elmostrador;Gabriel02744406
elmostrador;Rodychm
elmostrador;CarlosBravoA3
elmostrador;Sebasti35185924
elmostrador;NajleMaria
elmostrador;Fernand01653657
elmostrador;ange_zv
elmostrador;Sebasti60051007
elmostrador;SandraE97460538
elmostrador;RutaVioleta
elmostrador;Mercede28610329
elmostrador;rianpoe
elmostrador;iguajardog
elmostrador;DiegoVi06368321
elmostrador;BelfortFelix
elmostrador;is_ulloa1
elmostrador;Jani20213
elmostrador;RoxanaE56944578
elmostrador;LoretoCorrea4
elmostrador;AndreaGaete20
elmostrador;angy38963753
elmostrador;Otrodeapie1
elmostrador;Rai93925790
elmostrador;anaishe41331857
elmostrador;MarcoGajar
elmostrador;FouereSara
elmostrador;aparrageoingeni
elmostrador;gappcl
elmostrador;kanaka_la
elmostrador;sindicatosinave
elmostrador;manuelquiroga4
elmostrador;angelnatural
elmostrador;OdecUsp
elmostrador;panxito_26
elmostrador;patisinger
elmostrador;aletopito
elmostrador;demiiurgoo
elmostrador;xiinnyta
elmostrador;GloriaAstorga13
elmostrador;aROMBriatqlIubW
elmostrador;ema_neira
elmostrador;SolFVVA
elmostrador;ROBERTO92660205
elmostrador;AncudChiloe_
elmostrador;ActualidadSobre
elmostrador;MaraCri29188125
elmostrador;u_joseto
elmostrador;JoseRubenIturr1
elmostrador;ElisaGa52440153
elmostrador;dk_kohn
elmostrador;mariemorgoth
elmostrador;smuelgf
elmostrador;caroherreo
elmostrador;Andreline11
elmostrador;andrea_varel
elmostrador;pamelaa66879137
elmostrador;johannna2014
elmostrador;CARLOSD14120022
elmostrador;CotrinaMadai
elmostrador;Rodrigolopezc16
elmostrador;JSebachile
elmostrador;Rosi41150504
elmostrador;SMonje27
elmostrador;LoretoPalma9
elmostrador;ale_paradise93
elmostrador;giovanni_veg
elmostrador;JavieraAB4
elmostrador;Sergioh1942
elmostrador;Cristia74444673
elmostrador;iEtjisl5qjYwRqN
elmostrador;FelipeMonteroC3
elmostrador;DanielYez15
elmostrador;memitoolmos
elmostrador;PazXimenaSalas1
elmostrador;isanavarro4x4
elmostrador;BinOsmanIbnOsm1
elmostrador;Rodrigo75084674
elmostrador;Sergio53560493
elmostrador;vonchicasasg
elmostrador;Tamarambia1
elmostrador;gripada
elmostrador;Manucabaespi
elmostrador;noe40707749
elmostrador;JoelCid20
elmostrador;wolfgangkrl
elmostrador;Pppttoo1
elmostrador;colorado_garka
elmostrador;Chato45242685
elmostrador;miriam07229440
elmostrador;InezPerry16
elmostrador;OFAPP1
elmostrador;noctis59023165
elmostrador;fdhghbcg
elmostrador;francus23545099
elmostrador;EJRAMIR77394565
elmostrador;WhinyWhitch
elmostrador;CataAchermann
elmostrador;miguelm56154649
elmostrador;MM_s___________
elmostrador;pulgarrrcita
elmostrador;Benedic_cavi
elmostrador;Natalia64457099
elmostrador;pirenkumey
elmostrador;InsurgenteEc
elmostrador;mnesitheos
elmostrador;MarkoAramayo
elmostrador;SilviaFuenzali3
elmostrador;Claudio79849141
elmostrador;Felipe90799552
elmostrador;JacobHe21214339
elmostrador;SarmientoUP
elmostrador;ChantalRiquelme
elmostrador;CampesinoInfor1
elmostrador;Natacha16968942
elmostrador;jbbbbbbbbbbs
elmostrador;feeliipeql
elmostrador;Pekes_Party
elmostrador;_caro76
elmostrador;Carlasir1
elmostrador;jennife27675902
elmostrador;Juan6812
elmostrador;LeslieCatalina7
elmostrador;Ysabel26364757
elmostrador;bahamondemanuel
elmostrador;cayul_h
elmostrador;Maurici73060802
elmostrador;panshodmc
elmostrador;CMCarabineros
elmostrador;robin_deric
elmostrador;fc_orellana
elmostrador;Enrique16176567
elmostrador;Jenny30341949
elmostrador;noor_1353
elmostrador;salfita5
elmostrador;wpiderit
elmostrador;florachilensis
elmostrador;Rodrigo34238208
elmostrador;Fernand37868264
elmostrador;alejandrosori10
elmostrador;Benjami97542989
elmostrador;Joselo11192574
elmostrador;eduardo22273413
elmostrador;TimidamenteTim1
elmostrador;inalazobkn
elmostrador;nicolasopazo10
elmostrador;MisNoticias2021
elmostrador;Carolin50949136
elmostrador;ssanderssonnss
Pabla2255102021;DelfinaP10
Pabla2255102021;ElquinoPatriota
Pabla2255102021;AnaCons5
Pabla2255102021;asiconelcirco
Pabla2255102021;ViejAmarga
Pabla2255102021;DeportistasEl
Pabla2255102021;euge_sra
Pabla2255102021;MiPataV69
Pabla2255102021;Reivaj38
Pabla2255102021;MarioMlobos
Pabla2255102021;Juanito_NoraMor
Pabla2255102021;ElizabethHispa1
Pabla2255102021;chacao_bridge
Pabla2255102021;LuisVelasquezM1
Pabla2255102021;Franrechazo
Pabla2255102021;odette_UrBetan
Pabla2255102021;felipe77geo
Pabla2255102021;unidos_ayudamos
Pabla2255102021;wbardales
Pabla2255102021;CamiloBaezaM
Pabla2255102021;Gaviotaeverton
Pabla2255102021;deRECHAzOo
Pabla2255102021;suriel
Pabla2255102021;CurroJi08241240
Pabla2255102021;NicolsSimpson1
Pabla2255102021;CanalYaac
Pabla2255102021;Prisca96207105
Pabla2255102021;Acuario3092
Pabla2255102021;GdaGroupCo
Pabla2255102021;CBadulaque
Pabla2255102021;Prudencio_Conse
Pabla2255102021;Aespinozach22
Pabla2255102021;Dopaytomi
Pabla2255102021;MarcoFloresRiv1
Pabla2255102021;gatitasinpatas
Pabla2255102021;Rajivo777
MaraVil11903454;turnos_farmacia
MaraVil11903454;osornoonline2
abogadosSalAlar;ElioSegoviaO
betocoddou;realBetoRiveros
betocoddou;pamoke74
betocoddou;periodismouai
betocoddou;CentroCOES
betocoddou;caco_fonia
betocoddou;benjaleivas
betocoddou;valenti89459314